[
  {
    "value": "sedan",
    "synonyms": [
      "sedan"
    ]
  },
  {
    "value": "hatchback",
    "synonyms": [
      "hatchback"
    ]
  },
  {
    "value": "convertible",
    "synonyms": [
      "convertible"
    ]
  },
  {
    "value": "SUV",
    "synonyms": [
      "SUV"
    ]
  },
  {
    "value": "compact",
    "synonyms": [
      "compact"
    ]
  },
  {
    "value": "luxury",
    "synonyms": [
      "luxury"
    ]
  },
  {
    "value": "crossover",
    "synonyms": [
      "crossover"
    ]
  }
]