[
  {
    "value": "Master suite",
    "synonyms": [
      "Deluxe"
    ]
  },
  {
    "value": "Mini suite",
    "synonyms": [
      "Junior suite"
    ]
  },
  {
    "value": "Single",
    "synonyms": [
      "Single"
    ]
  },
  {
    "value": "Double",
    "synonyms": [
      "Double"
    ]
  },
  {
    "value": "Triple",
    "synonyms": [
      "Triple"
    ]
  },
  {
    "value": "Quad",
    "synonyms": [
      "Quad"
    ]
  },
  {
    "value": "Queen",
    "synonyms": [
      "Queen"
    ]
  },
  {
    "value": "King",
    "synonyms": [
      "King"
    ]
  },
  {
    "value": "Twin",
    "synonyms": [
      "Twin"
    ]
  },
  {
    "value": "Studio",
    "synonyms": [
      "Studio"
    ]
  }
]