[
  {
    "id": "38f189d0-ef7c-4d8c-b166-4634bfe5011b",
    "data": [
      {
        "text": "And a car too",
        "userDefined": false
      }
    ],
    "isTemplate": false,
    "count": 0,
    "updated": 1507181592
  },
  {
    "id": "5d05c9a7-fe12-4dca-afef-df2b1bde4615",
    "data": [
      {
        "text": "Book me ",
        "userDefined": false
      },
      {
        "text": "sedan",
        "alias": "cars",
        "meta": "@cars",
        "userDefined": false
      },
      {
        "text": " too",
        "userDefined": false
      }
    ],
    "isTemplate": false,
    "count": 0,
    "updated": 1507181592
  },
  {
    "id": "f2a59867-72b1-41f2-9e04-af7075e68b1a",
    "data": [
      {
        "text": "Also a car",
        "userDefined": false
      }
    ],
    "isTemplate": false,
    "count": 0,
    "updated": 1507181592
  }
]