[
  {
    "id": "47e07246-d917-4023-9346-ed9211bbd2b0",
    "data": [
      {
        "text": "Reserve a ",
        "userDefined": false
      },
      {
        "text": "sport",
        "alias": "cars",
        "meta": "@cars",
        "userDefined": true
      },
      {
        "text": " car",
        "userDefined": false
      }
    ],
    "isTemplate": false,
    "count": 0,
    "updated": 1507180218
  },
  {
    "id": "562cbd56-07d2-466c-95f2-0976fcd17e19",
    "data": [
      {
        "text": "Reserve me a car for ",
        "userDefined": false
      },
      {
        "text": "tomorrow",
        "alias": "date",
        "meta": "@sys.date",
        "userDefined": false
      }
    ],
    "isTemplate": false,
    "count": 0,
    "updated": 1507180218
  },
  {
    "id": "8a081c7b-c46a-4333-8450-d62cf9a1d032",
    "data": [
      {
        "text": "Will you book a ",
        "userDefined": false
      },
      {
        "text": "sedan",
        "alias": "cars",
        "meta": "@cars",
        "userDefined": false
      },
      {
        "text": " for me",
        "userDefined": false
      }
    ],
    "isTemplate": false,
    "count": 0,
    "updated": 1507180218
  },
  {
    "id": "9a881f1b-e2ff-439a-b622-2643163e0956",
    "data": [
      {
        "text": "Can you reserve a car for me",
        "userDefined": false
      }
    ],
    "isTemplate": false,
    "count": 0,
    "updated": 1507180218
  },
  {
    "id": "530f4928-4b7b-458c-9290-3a343a8f4443",
    "data": [
      {
        "text": "Make a car reservation",
        "userDefined": false
      }
    ],
    "isTemplate": false,
    "count": 0,
    "updated": 1507180218
  },
  {
    "id": "fc7fc351-953a-4697-8804-9dbb5f66e1cc",
    "data": [
      {
        "text": "I need an ",
        "userDefined": false
      },
      {
        "text": "suv",
        "alias": "cars",
        "meta": "@cars",
        "userDefined": false
      }
    ],
    "isTemplate": false,
    "count": 0,
    "updated": 1507180218
  },
  {
    "id": "b4a5ace4-59c3-493b-8c03-40f076425e07",
    "data": [
      {
        "text": "Book a car",
        "userDefined": false
      }
    ],
    "isTemplate": false,
    "count": 0,
    "updated": 1507180218
  },
  {
    "id": "15e9d032-92e5-4a8a-b8fd-e58ce6506856",
    "data": [
      {
        "text": "Book me a ",
        "userDefined": false
      },
      {
        "text": "convertible",
        "alias": "cars",
        "meta": "@cars",
        "userDefined": false
      },
      {
        "text": " for ",
        "userDefined": false
      },
      {
        "text": "tomorrow",
        "alias": "date",
        "meta": "@sys.date",
        "userDefined": false
      }
    ],
    "isTemplate": false,
    "count": 0,
    "updated": 1507180218
  },
  {
    "id": "138cee65-98ca-4c10-8eeb-1fcf1d3c9f13",
    "data": [
      {
        "text": "I want a ",
        "userDefined": false
      },
      {
        "text": "hatchback",
        "alias": "cars",
        "meta": "@cars",
        "userDefined": false
      }
    ],
    "isTemplate": false,
    "count": 0,
    "updated": 1507180218
  },
  {
    "id": "98d253cf-870c-4927-a750-fde457129efb",
    "data": [
      {
        "text": "Get me a ",
        "userDefined": false
      },
      {
        "text": "sedan",
        "alias": "cars",
        "meta": "@cars",
        "userDefined": false
      },
      {
        "text": " for ",
        "userDefined": false
      },
      {
        "text": "tomorrow",
        "alias": "date",
        "meta": "@sys.date",
        "userDefined": false
      }
    ],
    "isTemplate": false,
    "count": 0,
    "updated": 1507180218
  },
  {
    "id": "a585a373-b258-4cf5-93a6-1e3e89e2ec05",
    "data": [
      {
        "text": "Can you book me a car",
        "userDefined": false
      }
    ],
    "isTemplate": false,
    "count": 0,
    "updated": 1507180218
  },
  {
    "id": "1e0e0efa-8a26-4a04-899e-e2f012fa2f4d",
    "data": [
      {
        "text": "I need a car ",
        "userDefined": false
      },
      {
        "text": "tomorrow",
        "alias": "date",
        "meta": "@sys.date",
        "userDefined": false
      }
    ],
    "isTemplate": false,
    "count": 0,
    "updated": 1507180218
  }
]