[
  {
    "id": "f8471429-948f-472d-a5ca-432807b442f7",
    "data": [
      {
        "text": "Please book me a hotel",
        "userDefined": false
      }
    ],
    "isTemplate": false,
    "count": 0,
    "updated": 1507180781
  },
  {
    "id": "4d836af3-ca17-42b4-9080-60aa1c070b4d",
    "data": [
      {
        "text": "Can you book me a hotel",
        "userDefined": false
      }
    ],
    "isTemplate": false,
    "count": 0,
    "updated": 1507180781
  },
  {
    "id": "d7db7d05-332b-4db1-b912-7b9bd49f9420",
    "data": [
      {
        "text": "I want a ",
        "userDefined": false
      },
      {
        "text": "queen",
        "alias": "rooms",
        "meta": "@rooms",
        "userDefined": false
      },
      {
        "text": " room ",
        "userDefined": false
      },
      {
        "text": "on Monday",
        "alias": "date",
        "meta": "@sys.date",
        "userDefined": false
      },
      {
        "text": " in ",
        "userDefined": false
      },
      {
        "text": "Kochi",
        "alias": "geo-city",
        "meta": "@sys.geo-city",
        "userDefined": false
      }
    ],
    "isTemplate": false,
    "count": 0,
    "updated": 1507180781
  },
  {
    "id": "bb315de7-d67b-426a-8e92-3b1433968b3f",
    "data": [
      {
        "text": "Make a hotel reservation for ",
        "userDefined": false
      },
      {
        "text": "Tuesday",
        "alias": "date",
        "meta": "@sys.date",
        "userDefined": false
      }
    ],
    "isTemplate": false,
    "count": 0,
    "updated": 1507180781
  },
  {
    "id": "99de2acb-03ce-4d73-9751-afb0a3b8cb17",
    "data": [
      {
        "text": "Will you reserve a hotel for me",
        "userDefined": false
      }
    ],
    "isTemplate": false,
    "count": 0,
    "updated": 1507180781
  },
  {
    "id": "7ec1b854-3e7e-4e87-a3b6-491433849429",
    "data": [
      {
        "text": "I need a ",
        "userDefined": false
      },
      {
        "text": "double",
        "alias": "rooms",
        "meta": "@rooms",
        "userDefined": false
      },
      {
        "text": " room in ",
        "userDefined": false
      },
      {
        "text": "Mumbai",
        "alias": "geo-city",
        "meta": "@sys.geo-city",
        "userDefined": false
      },
      {
        "text": " ",
        "userDefined": false
      },
      {
        "text": "on Oct 10",
        "alias": "date",
        "meta": "@sys.date",
        "userDefined": false
      }
    ],
    "isTemplate": false,
    "count": 0,
    "updated": 1507180781
  },
  {
    "id": "5289d3d8-c4f3-4458-a22f-741d43d17ee9",
    "data": [
      {
        "text": "Reserve a ",
        "userDefined": false
      },
      {
        "text": "deluxe",
        "alias": "rooms",
        "meta": "@rooms",
        "userDefined": false
      },
      {
        "text": " room in ",
        "userDefined": false
      },
      {
        "text": "Chicago",
        "alias": "geo-city",
        "meta": "@sys.geo-city",
        "userDefined": false
      },
      {
        "text": " ",
        "userDefined": false
      },
      {
        "text": "tomorrow",
        "alias": "date",
        "meta": "@sys.date",
        "userDefined": false
      }
    ],
    "isTemplate": false,
    "count": 0,
    "updated": 1507180781
  },
  {
    "id": "a7c40593-e47e-4446-8d20-7195eed4bfb8",
    "data": [
      {
        "text": "Book me a room for ",
        "userDefined": false
      },
      {
        "text": "tomorrow",
        "alias": "date",
        "meta": "@sys.date",
        "userDefined": false
      }
    ],
    "isTemplate": false,
    "count": 0,
    "updated": 1507180781
  },
  {
    "id": "226a632c-1b5b-4cf7-9185-ed3b1def14e0",
    "data": [
      {
        "text": "Need a hotel room ",
        "userDefined": false
      },
      {
        "text": "tomorrow",
        "alias": "date",
        "meta": "@sys.date",
        "userDefined": false
      }
    ],
    "isTemplate": false,
    "count": 0,
    "updated": 1507180781
  },
  {
    "id": "0331ce35-6c68-4c8e-911c-8b719f852cb1",
    "data": [
      {
        "text": "Can you reserve rooms for me",
        "userDefined": false
      }
    ],
    "isTemplate": false,
    "count": 0,
    "updated": 1507180781
  }
]