[
  {
    "id": "83bd77e5-2221-424f-a800-01a905bf5bcf",
    "data": [
      {
        "text": "What is the weather like in ",
        "userDefined": false
      },
      {
        "text": "London",
        "alias": "geo-city",
        "meta": "@sys.geo-city",
        "userDefined": false
      }
    ],
    "isTemplate": false,
    "count": 0,
    "updated": 0
  },
  {
    "id": "54f6e351-040c-44a3-8aea-45532474a5e4",
    "data": [
      {
        "text": "Weather forecast",
        "userDefined": false
      }
    ],
    "isTemplate": false,
    "count": 0,
    "updated": 0
  },
  {
    "id": "c283bc45-8c79-4d3e-aee6-74975f6a6018",
    "data": [
      {
        "text": "What is the weather supposed to be ",
        "userDefined": false
      },
      {
        "text": "tomorrow",
        "alias": "date",
        "meta": "@sys.date",
        "userDefined": false
      },
      {
        "text": " in ",
        "userDefined": false
      },
      {
        "text": "Paris",
        "alias": "geo-city",
        "meta": "@sys.geo-city",
        "userDefined": false
      }
    ],
    "isTemplate": false,
    "count": 0,
    "updated": 0
  },
  {
    "id": "431553f7-05cd-4004-98a2-2e5fceabb335",
    "data": [
      {
        "text": "What is the weather ",
        "userDefined": false
      },
      {
        "text": "today",
        "alias": "date",
        "meta": "@sys.date",
        "userDefined": false
      }
    ],
    "isTemplate": false,
    "count": 0,
    "updated": 0
  },
  {
    "id": "f759ff3f-bce3-4f33-aef3-f835ae728d40",
    "data": [
      {
        "text": "Weather for ",
        "userDefined": false
      },
      {
        "text": "tomorrow",
        "alias": "date",
        "meta": "@sys.date",
        "userDefined": false
      }
    ],
    "isTemplate": false,
    "count": 0,
    "updated": 0
  },
  {
    "id": "a6633fe0-ffc3-4b15-a712-b0d6b9d54eb2",
    "data": [
      {
        "text": "Weather forecast in ",
        "userDefined": false
      },
      {
        "text": "San Francisco",
        "alias": "geo-city",
        "meta": "@sys.geo-city",
        "userDefined": false
      },
      {
        "text": " ",
        "userDefined": false
      },
      {
        "text": "tomorrow",
        "alias": "date",
        "meta": "@sys.date",
        "userDefined": false
      }
    ],
    "isTemplate": false,
    "count": 0,
    "updated": 0
  }
]