[
  {
    "id": "c1c83395-2207-44ee-9080-e686842e82c2",
    "data": [
      {
        "text": "It was ",
        "userDefined": false
      },
      {
        "text": "bad",
        "alias": "Rating",
        "meta": "@Rating",
        "userDefined": false
      }
    ],
    "isTemplate": false,
    "count": 0,
    "updated": 0
  },
  {
    "id": "d1c6e624-b4c5-407a-ac37-aa8e09a1c592",
    "data": [
      {
        "text": "Bad",
        "alias": "Rating",
        "meta": "@Rating",
        "userDefined": false
      }
    ],
    "isTemplate": false,
    "count": 0,
    "updated": 0
  }
]