[
  {
    "id": "ca431dee-75d7-461e-bfbb-616574e3c9dc",
    "data": [
      {
        "text": "It was ",
        "userDefined": false
      },
      {
        "text": "good",
        "alias": "Rating",
        "meta": "@Rating",
        "userDefined": false
      }
    ],
    "isTemplate": false,
    "count": 0,
    "updated": 0
  },
  {
    "id": "5cdf3eb9-b58e-4165-9f16-9d48cdd36492",
    "data": [
      {
        "text": "Good",
        "alias": "Rating",
        "meta": "@Rating",
        "userDefined": false
      }
    ],
    "isTemplate": false,
    "count": 0,
    "updated": 0
  }
]